[
  {
    "tipoCamilla": "AMBULANCIA",
    "pesoMaximoKg": 140.0,
    "id": 2,
    "nombre": "CAMILLA DE AMBULANCIA",
    "marca": "INDUSTRIAL",
    "precioPorDia": 4500.0,
    "estado": "EN_MANTENIMIENTO"
  },
  {
    "tipoCamilla": "CIRUGIA",
    "pesoMaximoKg": 150.0,
    "id": 4,
    "nombre": "CAMILLA DE CIRUGIA ",
    "marca": "FEMMTO",
    "precioPorDia": 7568.0,
    "estado": "DISPONIBLE"
  },
  {
    "tipoMonitor": "FETAL",
    "tieneAlarma": true,
    "id": 6,
    "nombre": "DÍSSECTRON ",
    "marca": "DIXTAL",
    "precioPorDia": 9756.0,
    "estado": "EN_MANTENIMIENTO"
  },
  {
    "tipoMonitor": "MULTIPARAMETRICO",
    "tieneAlarma": true,
    "id": 5,
    "nombre": "FEAS ",
    "marca": "FEAS ",
    "precioPorDia": 7652.0,
    "estado": "ALQUILADO"
  },
  {
    "tipoRespirador": "NO_INVASIVO",
    "esPortatil": true,
    "id": 3,
    "nombre": "INFANT VENTILATOR",
    "marca": "BERR CUB",
    "precioPorDia": 7800.0,
    "estado": "ALQUILADO"
  },
  {
    "tipoRespirador": "ANESTESIA",
    "esPortatil": true,
    "id": 7,
    "nombre": "V5A ANESTHESIA",
    "marca": "OHIO",
    "precioPorDia": 6859.0,
    "estado": "ALQUILADO"
  },
  {
    "tipoMonitor": "PRESION_ARTERIAL",
    "tieneAlarma": true,
    "id": 1,
    "nombre": "VITAL SIGNS MONITOR 6000 SERIES ",
    "marca": "WELCH ALLYN",
    "precioPorDia": 12000.0,
    "estado": "DISPONIBLE"
  }
]